arch,height,distM,distP,distB
0,14.7,1745.8937539266242,5283.511427071962,435.588108193968
0,285.9,1860.8291162812345,4354.242528844713,460.75264513619453
0,58.6,1049.215421160021,3181.4163512498644,209.80228788075692
0,147.2,186.06719216455113,1937.3471552615447,678.1600106169635
0,121.1,2674.8773803671825,2998.715725106333,191.43667360252581
1,111.7,1341.4387798181474,2715.4907475445393,371.24789561693143
1,166.6,2134.7423732150914,5499.84327049417,413.411417355641
0,153.0,2736.4502553490715,2482.454430598878,369.4374101251794
1,6.8,4552.732036920249,12534.757955381509,642.1121397388465
1,79.9,548.3721364183268,1890.5567962904474,544.8302487931447
0,84.7,2968.3943471176467,507.7203954934251,277.35356496717327
1,100.0,1880.940722085627,3229.1624301047477,571.6677356646953
1,98.3,2007.9487045240971,5993.4278172011045,380.66389374354907
1,23.9,390.16022349798806,470.08297139973064,123.43419299367578
0,47.6,2017.595103086841,2020.5048873981968,352.4343910573995
0,115.6,2203.2106118117713,1885.226776809623,291.0154635066666
0,96.4,700.4691285131701,1719.8151063413763,262.23081436017395
1,54.0,1481.329470442008,1442.1889612668654,0.0
0,107.7,2330.0836894841354,1571.059515104377,183.0
0,66.7,1610.9456849937555,6697.351491447944,373.1286641361127
0,90.0,2288.4981975085757,2724.779991118549,1313.9836376454616
0,135.5,1957.3259820479573,3481.8347175016793,576.8960044930109
1,64.9,863.8807788115209,8560.7435424734,415.99278839902985
1,124.6,458.24556735444804,6085.726250826601,841.7244204607587
0,95.1,1323.315910884472,2063.0242364063492,974.6271081803543
0,121.0,2033.6789323784617,6701.663450218908,274.0602123621742
0,122.1,2676.739060872389,4389.647480151453,855.332683813731
0,46.3,685.9810493009264,2533.7758385461016,167.6305461424021
0,53.9,1496.7501461499844,1353.33550902945,788.1199147337923
0,81.7,921.3604072240136,2849.8310476237007,110.63453348751464
0,101.4,1324.7614879667963,3236.928482373375,574.7764782939538
1,119.5,1309.9988549613317,3887.171851102032,356.384623686264
0,80.6,628.3963717272721,535.4568143183911,423.7747042946287
1,123.9,1048.7139743514435,7116.756634872377,977.2706892156339
1,50.3,636.0385208460254,931.8782109267283,396.0807998376089
0,201.9,292.9607482240582,3465.96076146283,2122.2346712840217
0,115.4,312.0592892384394,4164.9827130493595,690.7966415668218
0,82.3,3152.9803361264403,5011.656512571467,318.69264189811474
0,18.6,1034.6728951702562,2925.023418709669,271.7646040234085
1,98.9,2233.7542389439354,5647.758581950897,520.1701644654372
1,33.6,900.9356247812603,654.6640359757056,529.2645841164889
0,117.4,586.5168369279777,5057.387467853338,579.6455813684772
0,72.5,1249.7759799260025,2579.745142451091,149.85659811966906
0,84.0,3336.144031662902,2470.8561269325255,307.631272792608
0,140.8,1214.648097187,3006.0635389159693,1049.9509512353422
0,26.1,1157.6985790783367,4115.586106498077,147.87156589419075
1,52.8,2416.300064147663,3062.5089387624653,589.1960624444125
0,154.8,1691.4384410908958,6486.55324498304,861.8474342944927
1,54.2,135.63554106501732,816.8384173139752,9.219544457292887
1,142.0,2886.8046348861226,2464.2930020596173,550.4416408666772
0,83.7,1426.48098480141,6964.557200569179,2146.3543509868077
0,126.3,2288.4346178119226,3799.806574024525,213.3565091577944
0,152.4,592.9797635670209,3252.628475556346,1946.6168087222509
0,71.7,3134.5546733148553,2083.899469744162,716.0342170594922
1,85.2,721.7381796745964,489.7529989698889,441.22669910149364
0,73.3,2009.7527211077486,1049.976190206235,202.94334184693028
0,100.0,190.80094339389416,3733.435147421206,504.92078586645647
0,77.6,1160.2159281788886,5551.298586817323,142.63590010933433
1,74.1,1248.8382601442029,4187.864491599507,3.605551275463989
0,109.8,1166.2679794969936,4076.774337635087,1072.2504371647512
0,76.7,2711.1947550849236,3501.682452764671,476.2152874488596
0,97.4,2039.169438766676,6134.368753180722,266.0695397823659
1,112.7,1654.2774857925135,7191.917199189657,848.7078413682767
0,43.4,1692.1303141306819,5583.986837377037,630.9817746971778
1,3.7,3565.854876463707,3817.0047157424365,310.53663229963706
1,62.7,4608.273971890127,6091.740720024121,12.0
1,73.8,1155.641813019934,1049.7666407349777,448.52870588179746
0,142.0,1779.0474979606363,3323.8634147630073,86.68333173107735
0,54.4,4138.948900385218,3190.319419744675,664.2175848319586
0,112.7,2618.0047746327737,3346.6057431373656,153.40469353966978
0,39.2,1532.0691890381452,4335.596383428698,341.2565017695634
1,57.4,457.21439172449504,960.6752833293881,313.70368184004474
1,93.7,3223.9680519508875,952.7402584125434,595.6945526022544
1,55.6,1019.1486643272414,1041.6851731689378,76.68767828015137
0,67.1,551.8985414005006,3634.814438179754,1047.6950892315951
1,112.7,1654.2774857925135,7191.917199189657,848.7078413682767
0,168.1,1186.4366818334638,6046.893830720033,789.979746575822
1,95.9,511.38244005831876,1635.0048929590394,540.5450952510807
1,35.3,117.63077828527702,2543.161025181064,878.362681356625
1,23.1,1525.1524513962531,1559.265532229838,445.6871099773921
0,78.0,1998.1814231946007,942.1730202038265,732.5598951621636
1,42.5,1603.1796530644967,4530.0993366591865,869.5176823963961
0,177.3,1526.4995905666008,3099.4405946880156,558.0008960566282
1,58.4,781.0716996537514,3450.6245811446947,1130.5879001652193
1,86.8,694.7697460310142,437.79561441384953,411.2736315398788
1,262.1,2123.159202697716,7449.851676375846,365.8756619399547
0,170.7,486.5439342957633,1841.7828319321472,125.39936203984452
1,3.0,547.2202481633881,1206.1649970049702,81.25269226308751
0,97.3,229.63013739489858,7927.287682429596,136.1653406708183
1,73.6,3665.075306184035,3593.08015496454,126.21014222319853
1,84.2,38.07886552931954,293.027302482209,3.605551275463989
1,5.0,6302.480226069733,11848.196867034241,417.5380222207314
0,142.8,213.24164696418944,4203.508653494126,1053.5359509765199
1,97.1,569.4646608877499,1543.5076935344377,438.36970698258796
1,86.2,247.95160818191923,2421.1885511046016,1069.3858050301585
1,141.7,900.617565895758,806.7775405897216,188.904737897174
1,4.4,778.7810988975015,465.5856526999087,26.1725046566048
1,145.6,3010.653749603232,2339.1675869847377,473.7731524685627
0,90.5,980.3264762312605,3873.3825011222425,58.728187440104094
0,38.8,3257.4015718053556,2405.7217212304504,691.7492320198122
1,76.8,1694.0711319186098,396.01136347332255,17.0
1,58.2,1224.4419136896613,1401.353988112925,647.0193196497304
0,20.9,1306.8986188683498,5009.786921616527,1399.6731761379153
1,8.0,2247.0231418478984,754.6721142323996,99.08077512817509
1,103.1,1333.400539972892,3208.365315857906,798.2211473019241
0,78.2,1348.4187035190516,7615.559861231477,2580.122477713025
0,67.8,2087.4196990543132,3206.9731835486245,308.02921939322573
0,174.2,713.5720005717714,5358.608214825936,373.1340241789805
1,7.4,4664.257389981818,8359.33304755828,763.9109895792834
0,36.9,3185.8199886371485,1831.9459599016561,558.4129296497351
0,158.0,2226.360258358921,1651.7929652350504,971.4406826976107
1,69.9,191.4001044931794,8368.7677109596,126.66885963013956
0,149.6,1523.6075610208818,3881.4668618964147,988.2737475011668
0,125.7,479.6675932351486,5822.69087278382,2301.6092196548047
1,150.0,692.866509509588,4152.547290519399,21.213203435596427
1,36.6,448.4484362777955,3524.6361514346413,1099.764520249676
1,38.3,566.8483042225671,2752.515213400282,730.7215611982447
0,144.0,1092.8174595969813,5898.533122734838,768.1178295027398
0,55.8,1777.8121385568274,8088.4540550095235,1312.6560859570186
1,52.7,1758.1376510387347,3206.605993882005,528.5035477648187
0,20.5,984.9390844108076,3267.7812044260245,210.35446275275456
1,46.1,4614.459123234271,2967.068587006374,726.0034435180042
0,127.5,1761.3460761587996,4279.007478376265,340.0764619905353
1,58.1,1101.1448587719965,1805.57608535337,569.5937148529642
1,96.0,207.46083967823904,4296.396746111793,327.1360573217205
1,9.8,1652.8206194260767,1509.2518013903446,207.17142660125697
0,168.3,868.2165628459296,10175.42750944647,662.4296189030198
0,110.5,1055.0398096754454,1091.012373898665,785.4400040741496
1,52.2,1260.3912091092986,848.2464264587267,10.816653826391969
1,172.0,806.6752754361571,486.3383595810637,25.317977802344327
0,31.9,1007.1032717651154,2298.0134899517016,1287.4936893049223
1,7.9,2353.2959864836384,600.0508311801593,148.71785366928881
0,144.7,3435.473911995258,1621.6201774768344,823.4864904781377
0,190.8,2603.8580990522505,5378.132203655838,649.5690879344552
0,53.4,2297.749551191339,8771.098220861513,79.98124780221924
0,143.5,399.06139878469827,6333.187664991461,153.57408635573907
1,35.7,1772.068283108752,1057.8435612130936,109.83624174196785
0,145.2,1011.8418848812298,10520.475274435086,691.1150410749284
1,4.5,48.373546489791295,1140.232432445245,74.33034373659252
1,3.5,684.8430477123937,4188.2896270434785,311.96954979612997
1,79.2,1722.82848827154,1283.0358529674843,740.0
1,77.5,1528.6497309717488,6644.375440927462,103.36827366266692
0,194.2,795.4954431044844,5703.9279448464285,1397.950285239071
1,107.1,101.9803902718557,2304.594107429766,732.9120001746458
1,131.4,1712.7667675430885,5551.774581158713,112.80514172678478
0,58.7,1932.8572114876981,3606.9550870505723,46.647615158762406
1,71.2,3571.968224942658,3617.9470698173573,22.47220505424423
0,34.5,340.63029812393376,2067.7187913253583,187.1069213043708
0,36.9,321.51205265121865,5837.52730186335,212.98356744124652
0,169.6,2018.8405088069735,1557.6199793274352,25.079872407968907
0,168.1,2339.113721049064,12576.097963995033,483.47285342612565
0,184.6,1834.1559366640558,6450.822118148973,820.1195034871442
0,170.1,1758.2405978704962,4319.341848013421,960.6175097300694
0,190.1,1878.6923643853988,3550.7745633875434,305.4390282855156
0,237.1,30.083217912982647,5250.808033055484,170.48753620133056
0,119.1,3948.7042178415945,4956.606096917527,749.1922316735538
0,57.0,939.6983558568143,6345.12608227764,1107.6357704588634
0,62.8,2957.29369525585,3047.0616994081365,714.3619530742101
1,172.3,2877.1419846785457,4065.952778869917,984.7725625747297
1,22.4,724.6550903705845,1391.0,433.35205087780537
0,149.8,267.4210163767986,581.455071351175,368.517299458248
1,73.0,426.2417154620134,220.90722034374522,74.68600939935136
0,79.4,1805.3822309970817,259.88651369395836,207.4246851269154
0,80.9,3397.181184452781,5244.153792557957,599.0600971521973
0,77.6,1816.3009111928563,2561.7556479883087,207.87015177749788
0,115.8,1445.0280274098493,2011.801431553323,119.4361754243663
1,111.4,1964.4095805101338,7341.009807921523,4.123105625617661
1,77.3,751.5217894379377,8648.646425886538,39.293765408777
0,53.7,3344.205884810324,3006.046739490256,644.8100495494778
1,35.7,2200.3695144225208,280.43180989324304,99.70456358662827
0,150.0,78.84795495128583,4195.986892257887,739.1941558210535
1,28.3,637.3578272838579,2157.343041799333,153.8440769090575
1,70.1,671.5631020239275,4126.633615915035,411.077851507473
1,19.2,278.9587783167972,1682.4387061643583,266.4920261471251
0,97.2,4512.798355787681,2169.55341026673,1832.2655375245151
1,105.3,59.09314681077663,5663.9127818143525,661.6078899166787
1,71.6,1989.2121556033183,2479.012908397211,499.38462130906674
1,27.9,2087.4007760849377,2959.8408741011735,2.0
1,6.1,178.84630272946657,1935.1023228759766,16.0312195418814
1,27.7,1644.4822893543123,294.15132160165456,214.70444802099468
1,103.5,2207.5438840485144,3286.9117724697144,378.85749299703707
1,81.5,77.15568676384133,865.6673726091333,103.39245620450265
1,3.4,604.5047559779823,1352.2995230347453,11.180339887498949
1,48.3,172.80335644888382,5012.247599630329,13.038404810405298
0,66.3,1094.523183856788,3179.333577968817,79.51100552753688
1,3.7,552.834514117923,903.7223024801368,94.5568612000208
0,85.9,653.8845463841457,1989.1468020234204,937.691847037181
0,127.3,1314.416220228585,5371.998603871747,2000.4891901732435
1,4.4,2288.9547833017587,2829.1896366274214,334.26037755019667
1,48.8,157.40711546813887,3799.575239418217,109.16501271011697
1,165.6,754.0663100815472,12386.622219152403,159.13830462839547
0,124.3,1764.535349603402,1702.2038655813233,890.7687690977946
1,11.9,2480.0114919088583,2320.539807889535,443.09931166726045
0,94.6,1872.7672038990859,5739.915678823166,576.5145271370011
1,158.2,180.31361568112376,7734.0113783210845,876.0576465050688
0,67.9,433.6865227327222,5695.562922135089,220.4835594777987
1,52.8,2416.300064147663,3062.5089387624653,589.1960624444125
1,25.9,443.0722288747062,428.23941901697935,478.02614991232434
0,31.6,172.75416058665562,2721.5708699205315,544.0229774559159
1,90.0,720.0902721187115,8564.464840257097,185.9731163367437
0,160.2,685.2919086053768,5314.741762306048,445.08201491410546
0,147.7,961.791037596005,2195.006150333069,540.0925846556311
0,108.8,1465.0955600233044,3435.762651872216,823.417269675588
1,27.1,669.9022316726524,3672.9838006721457,363.8818489564985
1,95.8,2366.1365133905524,5506.593956339981,471.2080220030215
0,177.4,325.25989608311687,1438.4894855368252,86.28441342444185
1,45.4,360.2124373199793,672.1257322852622,13.038404810405298
0,56.0,1419.2004791430984,1801.88401402532,223.00672635595546
0,134.1,3226.9824914306555,3755.5437688835423,348.69470887869807
1,63.7,679.195111878759,4642.785801649695,51.478150704935004
1,48.9,105.00476179678711,4945.808427345321,13.601470508735444
0,73.9,3013.519205181875,7726.773259259004,823.1075263900823
0,86.2,4289.997785547214,5644.613184266926,571.6091321873715
0,70.8,1968.4592959977608,6826.43054604674,1009.4894749327503
0,69.6,2157.235499429768,1329.151985289869,469.6594510919588
1,90.1,316.4048040090416,985.1847542466337,208.6911593719293
1,108.6,2116.655144325594,2281.6454588739243,628.2396039728791
1,109.4,1638.909698549618,5311.364890496604,106.02358228243375
0,83.0,1053.0702730587357,3709.2425102707966,194.83326204732086
0,36.0,2296.47120600281,564.5617769562513,254.02362094891885
1,73.3,688.4184773813091,8039.563731944663,173.76996288196645
1,111.7,2090.560929511503,3927.871815627389,355.7105564922132
1,3.2,72.069410986909,4592.480811064974,0.0
1,66.5,1210.5643312108614,4430.577614713458,685.3218222120174
0,96.4,260.4035330021465,2107.791498227469,727.2578634844728
0,104.4,1024.3222149304388,2612.523875488988,1401.6451048678477
1,8.0,454.5987241513113,227.771815640127,183.20753259623362
0,107.9,694.7611100227185,1750.3785304899052,813.0498139720592
1,4.6,4106.643032940652,5764.497289443373,542.7282929790928
0,61.4,3561.6885040665757,1206.141782710474,1091.8250775650831
1,118.2,1027.7528885875242,2639.3546559717965,0.0
1,67.8,2103.212067291361,898.4976349440215,7.615773105863909
0,96.8,2648.743098150517,2576.8112076750986,1026.5987531650328
0,89.6,543.3691194758864,7965.551456114008,924.4614648539981
0,140.3,769.9668824046914,3219.258454986179,554.9936936578649
0,85.2,1513.9725889196277,2557.281759994389,1302.5839704218688
1,74.6,635.9347450800278,722.7371583086067,81.02468759581859
1,59.4,2001.1036954640806,1989.127698263739,721.6453422561528
0,127.7,1447.0967486661007,1236.3535093168134,247.00809703327542
0,162.0,788.4415006834686,4340.157716028301,2839.057061772447
0,80.1,1058.828125807017,2167.6238142260754,999.8324859695248
1,45.7,1909.088002162289,8441.70510027447,420.267771783657
0,14.3,2211.8991839593414,5588.21769439953,356.7702341844117
0,142.3,835.5578974553468,6951.765962688905,1076.9591450004034
1,48.1,278.4546641735419,2056.369859728546,323.93826572357887
0,37.4,1274.2248624163633,5395.268760682826,454.60422347356166
1,4.4,2288.9547833017587,2829.1896366274214,334.26037755019667
1,25.0,2601.1460935518403,68.87670143089025,10.0
0,70.3,1585.258338568197,2249.6617523530067,737.7594458900543
0,40.7,2268.4342617761704,3551.103490466027,79.64923100695951
0,93.1,501.5974481593781,2622.4881315270045,886.1354298300007
0,176.5,754.6369988279133,7328.58683512722,461.55064727503094
1,53.5,1783.0224339586982,5888.335333521691,73.00684899377592
1,106.2,869.7735337431233,1173.481145992555,348.3862798676205
1,104.5,1400.4492136453932,6628.301215243616,597.9297617613628
1,75.4,1083.0050784737807,2757.329505155305,392.4754769409167
0,112.4,1170.861221494674,2915.00463121416,251.20509548972132
1,57.3,1490.1879076143384,640.2811882290467,72.00694410957877
1,82.6,1499.9243314247556,5369.261587965332,575.5345341506451
0,167.4,2036.0297149108605,3461.1053147802363,444.0
0,170.6,3326.413684435536,5838.349167358869,347.3326935374786
0,92.2,1793.7313065228025,2838.3186924656648,783.9547180800687
0,148.5,779.8269038703397,3563.97544884922,744.5246805848682
1,102.3,1473.2474333933183,6631.694881400983,492.26009385283305
0,109.0,2983.8448351078846,5987.533214939187,869.2301191284158
1,46.8,1640.1006066702128,3621.958724226437,470.8003823277972
0,58.1,631.8393783233204,3227.0968377165254,167.5857989210303
0,94.3,4709.817512388351,4534.370298067858,452.54502538421525
0,28.3,2359.555254703733,5396.077278912896,711.0288320455086
0,98.9,2497.717758274541,7057.001133626096,60.166435825965294
0,110.8,824.3943231245592,3713.259619256375,832.0727131687471
1,145.8,3056.2789466931845,2294.314712501317,464.1400650665702
0,46.6,3588.2481798225717,4748.429003365219,777.5094854726854
0,161.7,1029.6115772464877,6561.161253924491,538.0678395890243
0,202.0,482.9182125370713,4630.046760023056,1748.600869266626
0,44.3,573.3628868352049,2289.982751026741,154.14927829866735
1,8.6,1542.988334369382,1333.3544164999792,224.8399430706208
0,72.2,2092.2179618768214,5842.7818716772235,985.8909676024018
1,70.4,2179.126889375651,7290.4024580265805,70.178344238091
0,98.3,2243.529585274061,6600.400366644436,138.7155362603627
1,3.9,815.4360796530897,2700.047406991218,181.0414317221337
1,52.0,1082.8296264879345,462.49108099508254,105.00476179678711
1,50.0,1607.7624202599088,3391.8167698152565,404.293210430252
0,148.5,2059.2056720978603,5293.535113702374,486.03703562588726
1,77.9,1463.0054682057753,2593.117428887477,54.037024344425184
1,103.5,2207.5438840485144,3286.9117724697144,378.85749299703707
0,90.6,348.4838590236282,5659.203565873912,956.8578786841858
1,78.5,1689.769806808016,3201.497462126122,144.22205101855957
0,44.2,2012.5695019054622,3861.6934109273875,804.9279470859489
1,49.0,2373.7820034704114,1159.9318945524344,65.37583651472461
0,121.2,3891.361972369057,8037.39167889683,537.5732508226205
0,167.0,3431.1544704370276,5081.402365489275,502.09262093761146
1,9.1,2378.9228655002667,4136.751019822199,621.6960672225617
0,104.4,1340.0731323327097,1610.1540298990033,209.78083801910984
1,27.4,1877.748918252917,1437.2685900693718,64.25729530566937
0,202.8,1046.195488424606,6713.028899088697,647.9706783489512
1,109.6,1284.564517647907,938.9451528177777,341.5406271587613
0,51.7,1550.950998581193,867.3730454654444,406.86361351194824
1,4.7,334.7626024513491,2060.5758903762803,226.97356674291393
1,41.6,364.8575064323057,585.4066962377523,23.345235059857504
0,140.5,2514.336890712937,8364.822831357518,178.33115263464205
1,48.1,612.0694405049153,1724.633584272323,317.7200025179403
1,73.8,539.5118163673526,346.67708317683764,192.8237537234456
0,178.5,1204.7261099519674,3867.5330638534947,649.6960827956407
1,153.9,478.17256299373764,9030.040974436384,12.727922061357855
1,10.1,359.3466293149276,2042.9121371219076,45.880278987817846
1,52.2,1260.3912091092986,848.2464264587267,10.816653826391969
0,107.2,853.6052952038197,3563.397957006767,919.2350080365738
0,17.2,2222.677664439898,8159.332386905194,639.2691139105658
0,52.6,1106.6128500970879,4819.045756163766,1366.9209925961338
0,146.5,227.16733920174352,7599.481298088705,1086.2062419264585
0,94.6,1175.701492726789,1155.6366210881342,214.51573368869705
0,136.2,1085.89179939808,4792.996974753896,418.37423438830456
0,55.5,1759.9602268233223,1067.88950739297,258.65227623200997
1,57.3,2947.9735412652535,903.6835729391123,57.245087125446844
1,40.6,1962.8604127650035,611.0490978636659,6.0
1,11.2,401.06109260310956,1858.281464149067,178.0028089666003
0,115.5,2463.4912218232075,4487.690720181149,713.8417191506812
0,147.1,1432.2883787841051,7982.691338139037,1114.2266376280904
0,99.3,2375.358920247633,1703.3182321574557,69.35416353759881
1,72.6,2118.3281143392305,2438.5883211399173,309.5561338432821
0,75.5,558.7647089786541,2309.556667414766,674.7933016857829
1,94.9,1669.1387000486209,2313.3121276645743,767.1746867565431
1,95.7,1378.022496187925,1104.00090579673,348.1278500780999
1,106.2,869.7735337431233,1173.481145992555,348.3862798676205
0,176.9,980.2244640897309,5811.019273759122,509.5772757884716
0,120.2,1097.4593386545125,1276.724715825616,272.2498852157701
0,145.3,638.9068789737672,1658.3211389836408,546.7842353250503
0,207.3,1044.6267275922055,2684.5640241946176,777.946013551069
0,112.3,1054.9620846267414,4093.0674316458553,1061.8945333694867
1,100.0,830.119268539166,5169.786842801162,157.1146078504478
0,132.6,529.3439335630475,5930.373428377003,81.46778504415104
0,90.5,2403.789716260555,7258.40099470951,341.3151036798694
0,60.7,3953.273706689179,2113.7743493570924,192.20041623263984
1,4.6,4081.2265313260914,5733.110325120214,575.5388779222477
0,89.0,2176.798107312665,1810.975979962186,1186.2229975851926
1,95.0,1049.7323468389454,2255.9720742952472,470.468915019898
0,229.3,2733.627992247665,6759.816343659049,371.3569711207802
1,112.6,2332.515380442324,3244.5901127877464,66.12866246946176
1,119.1,1186.5732172942385,3768.7822967107027,471.53472830747046
0,139.4,954.7030952081385,186.47251808242416,641.7881270325901
0,170.5,566.1245446012741,5582.54870108627,1630.2898515294758
0,51.1,3888.5890757445686,2333.0880823492284,373.7606185782552
1,27.3,1176.0123298673361,3995.959209001013,10.0
1,80.2,964.6268708676946,2114.566858720717,21.37755832643195
0,72.8,1156.830583966382,2708.870244216212,439.21976276119454
0,73.3,2625.647539179621,2733.130805504925,125.54282137979854
0,151.4,687.8735348884996,6806.011607395332,1162.1949062011931
0,123.8,1862.0324916606585,7028.4653374687705,434.9126349049887
0,55.1,1067.2979902538934,5913.377545870042,2148.6162989235654
0,82.3,1855.343094955755,4001.518836641907,919.4155752433172
1,81.1,391.4537009660274,1482.0165316216955,537.8791685871465
0,86.3,2227.8464938141497,1621.0246759380316,375.71265616159377
0,86.2,1543.4519752813821,2935.8313984287315,754.4653736255892
1,5.5,237.9012400135821,20.615528128088304,99.36800289831733
1,84.3,439.76925767952446,8159.560343547929,43.73785545725808
1,119.3,1641.7018608748667,7749.308614321667,29.154759474226502
0,102.5,3239.660476037574,8290.884452216182,602.358697123234
1,106.2,869.7735337431233,1173.481145992555,348.3862798676205
1,26.6,792.0561848757953,3516.3176762061757,289.01384049903214
0,65.1,296.1418578992169,1514.7838129581396,245.93698379869588
1,69.9,191.4001044931794,8368.7677109596,126.66885963013956
1,59.4,2001.1036954640806,1989.127698263739,721.6453422561528
0,114.0,2379.279092498398,4277.402249029194,195.97193676646665
1,138.7,497.7519462543567,583.6480103624101,56.08029957123981
1,70.6,727.6070367993976,5280.307756182399,530.3168863990661
1,44.1,2543.003735742439,3817.954033248698,437.2207680337246
1,5.6,255.31353273964936,5137.463381864633,321.7530108639234
0,199.2,2923.119053340113,5404.509413443555,1602.1363862043706
0,94.2,1376.0846630930816,6267.774724732853,359.4885255470611
0,141.8,2411.9784410313455,5499.0858331180825,1491.896108983464
1,24.5,1609.9208055056622,1456.9505825524764,59.07622195096772
1,133.1,461.32201334859366,7516.555195034492,15.652475842498529
1,90.6,2631.095969363337,3392.109962840238,755.5143943036427
0,63.6,2311.412122491357,1546.4708209339094,419.2433660775087
1,9.6,908.0798423046291,2564.0971120454856,359.02646142032484
1,3.3,1797.4996522948204,2387.574920290461,853.4781778112432
0,139.1,1860.7108856563398,3946.4192630788734,719.0716236926611
1,71.1,517.7885668880687,6109.214352107806,505.3286059585386
0,56.0,847.1989140691812,2984.8353388419937,864.1724364963279
0,68.0,803.9315891293238,2372.464119855135,605.8927297797853
1,111.6,1402.1219633113233,1740.235041596393,185.58555978308226
1,58.3,3439.188421706493,1153.5311005777,775.5056415010789
1,164.3,284.3448610402516,7863.579655602148,738.2574076837969
1,78.7,2652.083897617117,2371.4504000716524,683.0263538107442
1,4.5,1554.8247489669052,3299.8965135288713,416.4828928059351
1,7.4,1313.064354858512,3071.653137969846,264.06817301598466
1,132.8,1248.173465508701,3766.357656941252,567.6310421391698
0,70.9,1197.360430279872,6356.614350422716,356.02949316032795
1,119.6,1498.2876893307239,1148.9899912531876,262.39283526803854
1,111.7,1341.4387798181474,2715.4907475445393,371.24789561693143
0,76.1,1919.1208924921848,1268.4005676441493,1141.691727218867
1,10.1,3533.3454402308303,9497.775844901795,401.4536087769046
0,101.3,2770.5226943665343,8522.262903712839,802.3577755590084
1,135.2,761.246346460855,3683.443090370747,1567.8574552554196
1,46.6,778.784951061588,1273.8622374495603,186.45374761586316
1,75.9,2041.838387336275,2791.683542237551,803.2745483332582
0,162.8,278.6198126479881,3546.51406313298,289.6204412675321
0,30.1,1912.498104574224,4995.123321800975,303.63794229311986
0,58.5,949.9063111696859,4397.177731227156,484.79273921955553
0,104.5,1095.7663984627382,3649.493252494105,578.5844795706155
1,6.3,1716.8022600171519,7777.2428276349965,80.75270893288967
0,104.1,1061.1088539824743,4430.026749354906,723.4009952992876
1,55.8,454.743883961071,1239.6265566693867,335.6799070543246
1,121.1,578.474718548702,2326.4530943047184,374.7238983571771
0,70.9,560.9723700860854,3225.759600466222,319.0767932645682
1,84.1,745.3489115843666,15680.910751611336,260.76809620810593
1,29.3,1313.402070959232,691.5728450423716,483.4263128957711
0,63.8,580.8313008094519,2204.2690398406453,304.6850833237492
0,237.9,782.4736417285889,4530.079248754927,1333.3735410604186
0,109.7,1254.5457345190728,2168.435611218373,924.6577745306639
0,43.6,2957.067635344177,3132.144473040795,766.8513545661897
1,49.1,518.1235373923868,2790.7060038635386,805.8287659298345
0,27.5,1252.1022322478304,3667.3206840962243,467.6964827748868
1,86.8,694.7697460310142,437.79561441384953,411.2736315398788
1,112.4,2497.9387502498935,2986.0075351545916,1.4142135623730951
0,131.8,2000.539177321954,1947.8654984366863,349.6569747624091
0,79.9,2187.642109669678,8823.419121859733,384.365711269879
0,128.4,1240.8851679345676,8416.547332487355,931.9340105393729
0,45.7,716.7063554901687,5970.35493082279,763.510314272178
0,200.6,1306.4229789773294,13399.75716197872,1906.5122606476991
0,80.2,877.3784816144057,5348.694233175047,1925.717528611089
0,144.6,962.0878338280762,5540.463969741162,296.7237772744207
0,42.4,2228.8369164207597,5466.896834585412,1024.1821127123828
1,99.5,1221.1981821145985,7503.797571896513,1.0
1,62.7,3640.4010768045873,786.9358296583019,680.3087534347916
0,191.0,1717.7639535163148,5608.42767627434,211.62466774929618
1,45.3,455.6369168537598,220.4835594777987,57.28001396647874
0,65.3,426.4985345813043,668.2252614201292,644.2429665894692
1,103.0,1278.7572091683394,545.6784767608119,146.75149062275312
0,130.3,638.3181025162925,4314.759089450998,152.0131573252789
1,45.5,2099.472790964436,7393.392252545512,581.817840908991
1,76.5,259.2392717163046,2920.4542454899033,1259.9849205446865
1,25.4,2309.4841415346414,744.3869961249995,150.08331019803634
1,70.4,216.23135757794242,1487.0591783785876,1050.1261828942272
1,48.2,633.0695064524906,3191.6722889419584,291.5681738461864
0,59.4,1818.3137793021313,4527.225419614093,1573.9075576411722
1,95.1,2153.3241743871267,3684.013165014479,31.575306807693888
1,54.1,3825.776261100484,3554.0777988108252,119.50313803411188
1,79.2,1722.82848827154,1283.0358529674843,740.0
0,2.8,2045.8083976755986,2879.468874636432,1029.5693274374485
1,3.9,392.8269339034685,2187.9876599286385,96.02083107326243
1,76.6,2658.60903481501,671.1259196305862,226.59655778497608
0,65.6,3225.3123879711247,740.2513086783433,399.1716422793583
1,71.5,171.56339936011994,8330.490561785662,176.47946056127893
1,89.5,441.0181402164768,2656.1056078401703,865.5033217729439
0,94.5,2631.707050566229,3197.60441580881,614.2865780724824
0,92.3,2306.0932331542886,7817.906433310647,1050.4879818446282
0,157.7,2432.3414645152106,7384.092090433325,1408.3199210406704
1,38.6,1866.7021722813738,1109.7049157321057,624.4621685898994
0,82.5,1485.7489693753787,4355.775591097411,985.7124327104736
0,73.0,1079.075530257266,4564.634706085471,611.1448273527315
1,72.9,544.6925738432643,334.430859820083,203.54115063052976
0,166.1,733.7744885181005,5147.568940771945,819.7804584155443
0,79.0,2539.367637818518,1827.7135990083348,765.8492018667905
0,210.0,1256.5002984480345,7179.557228687574,519.0086704478067
0,101.8,884.7604195487047,4451.302955315444,1079.9449060021534
0,63.5,1686.7948897242961,4039.8356402210225,825.4604775517723
0,91.5,415.98677863605235,2782.2000287542232,903.5319584829305
0,44.1,3136.0900816143658,4060.0518469595927,754.6442870651045
1,28.8,1136.8069317170791,1201.1465356067094,173.4156855650607
0,96.0,732.3230161615843,6867.428194018486,1380.2843909861474
0,106.1,1785.018767408343,8340.523964356196,1041.6573332915195
0,57.2,1161.0585687208031,5123.526617477458,585.0478612899974
1,176.4,15.264337522473747,5451.330571521048,471.94279314340633
0,113.9,2985.292280497841,4629.230605619037,369.120576505835
0,10.2,2054.1949761402884,7441.231954454854,833.3336666666
0,102.0,513.9357936551997,6143.8562808711595,598.8205073308695
0,103.3,944.174771956972,267.5911059807482,216.14809737770074
1,88.7,2133.181661275007,9530.59546932929,26.68332812825267
0,74.4,1289.7077188262463,5886.370698486462,524.1268930325938
1,42.8,682.7063790532501,2980.0679522453847,4.123105625617661
0,62.1,1108.1317611186857,6906.232692286005,332.12196554880256
1,3.4,604.5047559779823,1352.2995230347453,11.180339887498949
0,154.8,798.3263743607623,8842.198878107187,589.8754105741314
0,64.2,4083.134702651873,2347.6839651026285,283.3249018353311
1,17.8,250.68905041904003,1846.640192349338,262.24606765402604
1,27.4,1877.748918252917,1437.2685900693718,64.25729530566937
1,165.9,1677.934742473616,5073.26561496636,847.7175237070425
1,5.9,792.278991265072,691.1222757226104,233.8567937862828
0,95.5,3092.7324488225618,1890.084654188801,1022.9095756712809
0,140.0,1850.7655172927768,1411.0056697263835,959.4441098886375
0,132.6,701.7300050589258,9131.6616779204,869.005178350509
0,66.0,1942.6342939421202,2165.173896018516,464.16484140873916
1,76.7,491.158833779868,394.6403425905669,62.81719509815764
0,54.6,1026.2553288534,5510.1312144086005,1520.516359662072
0,104.5,1096.192045218355,3620.5469200108428,594.7377573351132
0,148.5,1485.1935900750448,7795.064143417936,1133.5365013972862
0,80.4,2717.501241950038,5523.83064548507,316.9384798348096
1,46.5,326.6573127912492,3082.1656347445055,239.70398411373975
1,69.5,1018.583820802196,3274.7106742428405,221.94819215303377
0,182.1,1511.374539946998,1935.8070668328494,1195.266079163966
0,114.6,2248.65871132104,2547.0007852374133,1028.5805753561556
0,105.1,842.525963991615,937.9211054241183,304.2909791630373
0,79.8,720.7398976052318,5260.527825228187,581.8075283115543
0,83.7,2202.684044523862,824.5459356518593,552.261713320777
1,59.4,65.11528238439882,3376.3058214563443,30.4138126514911
1,112.7,1654.2774857925135,7191.917199189657,848.7078413682767
1,79.7,2970.2097569027005,2230.844907204443,356.0351106281514
1,73.3,1665.228512847411,1353.0369544103369,255.8378392654222
0,48.4,1966.8851008637998,1493.409856670298,1055.841370661332
0,43.8,283.467811223779,5018.924287135641,1114.3540729947551
0,109.8,200.7436175822285,5022.692206376974,1224.4443637830182
0,122.2,2843.8354382769758,5696.815338414964,568.9578191746731
0,74.0,3021.875080144777,1536.6889730846642,412.0594617285229
1,64.2,1667.2699241574533,6981.699864646145,127.81627439414747
0,46.2,236.13555429032706,574.3561612797412,128.2653499585917
0,106.5,83.73768566183328,4175.673598355121,666.5710764802205
1,78.3,1236.5536785760657,10696.728518570526,498.8236161209692
1,106.3,1238.79982240877,4615.938041178629,344.62298240250897
0,28.4,1587.2243067695254,4788.381459324226,700.102849587116
1,4.7,519.5940723295446,499.74093288422955,14.866068747318506
0,155.4,242.26638231500465,8629.461686571185,1123.8193805056042
1,17.8,3810.591817552754,1138.7747801914127,29.017236257093817
1,80.8,216.1342175593675,2122.074456752166,9.848857801796104
0,219.3,1090.2935384565021,3831.772957783381,199.58206332233365
1,51.4,1205.6699382501001,923.9680730414877,535.7200761591822
0,55.9,1213.8739638034915,1204.151568532799,122.03687967167957
0,134.4,1715.553846429776,3065.838384520619,872.4631797388357
0,197.6,255.76551761330143,5861.500234581587,932.3089616645332
0,76.4,599.2703897240377,6648.212165687855,2322.463562685107
0,105.3,2620.1557205631884,3029.612021365112,738.4341541396903
1,160.8,77.38862965578342,7939.212618389811,372.1558813185679
0,49.0,2542.6226617412185,3011.641578939964,174.3158053648607
1,4.4,726.6581039250852,547.6440449781227,85.00588214941364
0,196.3,920.3303754630725,6319.970411323142,104.95713410721541
0,128.5,3272.35954626016,7029.638113018336,276.06520968785617
0,75.7,2931.5826783497,2676.459041345486,954.4301965046999
1,33.7,2202.7314861326154,314.02547667346994,42.941821107167776
0,161.2,1581.5577763711321,7647.123642259226,1040.7353169754547
0,87.6,1012.7437978087054,5130.836676410583,149.48578527739687
1,119.6,1498.2876893307239,1148.9899912531876,262.39283526803854
1,58.3,1258.9142147104385,1409.9056706035337,638.1324313964931
0,30.4,1230.065038930869,1133.044129767239,313.35921878891645
1,197.3,71.00704190430693,1260.7715891469002,1718.1225218243314
1,135.0,449.8855409990412,511.0234828263766,125.09996003196804
1,33.6,1728.536953611348,2386.251663173857,513.0974566298297
0,49.3,1640.5672799370345,3737.7796885316825,233.8567937862828
1,6.3,857.5808999738742,3613.8722999021425,579.7188973976956
0,73.6,262.14881269996243,2297.170651040101,454.67460892378847
1,4.5,3221.6672702189467,1054.7871823263686,563.7987229499549
0,28.9,158.05062480104277,2456.3397566297704,188.09572031282372
1,100.6,1149.4781424629177,9956.205954077084,11.180339887498949
0,100.5,1674.0489837516702,2508.0287079696677,362.3285801589491
0,157.8,953.721133245982,5077.833494710121,1286.0983632677558
0,113.1,1439.8336709495302,3975.652147761421,400.5246559202067
0,181.6,2133.9946110522396,11396.695529845483,74.65252842335616
1,48.7,1500.664186285526,1058.6821997181212,448.70034544225615
0,169.3,2134.264510317313,10780.435844621497,1287.282797212796
0,49.1,1268.5779439987123,444.81456810675616,385.8108344772085
1,141.2,1777.8675428726403,1516.3327471237967,17.0
0,204.0,732.210352289559,4680.310352957376,485.84462536905767
0,167.3,3138.722351530954,7992.946202746519,1356.1286812098622
0,123.3,2501.155333041113,3150.2206271942287,113.87712676389407
1,2.8,2034.5343447580333,5368.7318800625535,906.1749279250668
0,108.9,2785.086713192248,6648.044825360311,99.62429422585637
1,8.3,2281.546843700563,640.4880951274582,32.0
1,71.6,1989.2121556033183,2479.012908397211,499.38462130906674
0,87.6,1804.5392763805391,6675.187263290821,491.1466176204413
0,73.0,1030.1970685262118,5564.663152428905,800.4561199716072
0,60.4,1650.1857471206083,4794.8405604357695,355.2576529787923
1,29.1,971.5606002715425,3002.319936315915,710.1865951987548
0,115.9,708.2146567249226,4191.526690837122,897.2898082559502
1,85.6,2702.979837142704,6947.3512938385375,57.07889277132134
0,49.1,409.2004398824615,748.970626927385,194.4659353203023
0,72.8,1016.2347169822531,1134.0969976152833,312.33955881380126
1,69.1,1449.637885818386,2369.7700310367673,235.2041666297602
1,4.9,2480.1066509325765,5973.2367272693955,619.5046408220038
0,147.1,378.6211827143326,7530.371637575399,2112.0314865077175
1,141.7,2998.9824941136285,2346.636955304335,345.023187626571
0,123.5,687.4656355047865,5965.760974092073,1118.2030227109924
1,63.0,355.09012940378955,1902.6026910524436,459.6346375111432
0,109.0,206.66155907667007,2720.8270801357444,848.0106131411328
0,83.9,917.5238416520848,6296.974670427062,2464.8200745693384
0,129.0,1883.2153355365392,6197.015087927412,353.23788018840787
1,101.4,163.9176622576103,5064.4175380787865,183.8069639594757
0,19.7,2275.8868601053086,5445.205322115962,720.2402376985057
0,12.8,2870.381507744223,6457.06783300284,274.7671741675122
1,24.5,194.48650338776724,410.6446152088202,331.8870289722092
1,80.8,2625.003619045124,1872.4617486079655,500.18896429249617
0,105.7,2165.0360274138625,1990.8877416871098,62.20128616033595
0,87.2,2024.0281618594145,3584.534837325479,149.77650015940418
0,27.8,2340.0555548960797,3840.172522166159,541.114590451967
0,46.8,2167.4466544761835,442.8114722994426,254.24397731313127
0,65.3,608.276253029822,4804.400066605611,495.7348081383836
0,66.6,1454.6511609317197,2966.4338859984728,1682.2559258329275
1,114.7,1743.8675408413335,7141.516155551285,857.1843442340743
1,72.3,1906.985317195704,1661.6648278157663,430.0290687848904
0,101.2,1266.19192857955,5762.5467460143,178.92177061498134
1,38.6,3658.0817377417907,5199.040007539854,1346.0237739356612
1,132.6,928.7846897962951,3580.8627452054066,1453.4620738086014
1,99.7,2318.5167672458183,1776.190586620704,473.93248464311876
1,6.6,1325.8084326176238,1196.3314758042604,27.202941017470888
1,97.3,971.4535500990256,3611.0742169055457,101.96568050084302
1,109.6,1284.564517647907,938.9451528177777,341.5406271587613
0,83.4,2526.965769455534,4701.1884667602935,430.85032203771186
1,15.9,314.6966793596653,7984.484955211576,228.79029699705362
1,92.1,803.2315979840434,4229.9618201586645,662.1933252457321
0,176.2,907.55550794428,5825.547184599915,529.1880573104423
0,165.6,3853.53500048981,4202.735418748128,132.9812016790343
0,141.0,4199.892974826858,3011.7132997680906,458.1844606705906
1,165.4,182.12358441453978,7783.792905775435,866.7467911679859
1,51.0,1012.3087473691019,221.35943621178654,18.24828759089466
0,108.5,664.7540898708334,4138.836793109871,1667.66003729777
0,127.8,2277.3750240133927,892.1530137818288,376.81825858097693
1,39.9,616.3221560190742,882.6964370608958,26.419689627245813
0,106.0,1158.3613425870185,4450.70106837114,1015.4969226935156
1,87.3,2053.2983222123376,8568.318388108602,588.6433555218304
1,19.8,919.8635768416967,810.5553651663778,117.95338062132852
0,101.0,690.1920022718316,4300.513108920842,1198.6112797733883
1,48.5,401.0635859810761,3456.9932021917543,8.94427190999916
1,7.8,2290.736999308301,817.8563443539458,0.0
0,67.5,459.309264004113,1713.6143089972143,1260.8798515322544
0,183.0,1398.0346919872911,3008.5785680284303,1163.4818434337512
0,200.3,1946.315750334462,4055.5952707340016,660.7457907546593
0,47.1,598.6426312918251,3491.146659766673,592.3926063009227
0,89.6,1676.9689919613897,4196.679163338556,961.0515074646104
1,49.9,173.32628190785147,3976.5980435543142,65.19202405202648
0,105.0,1296.82882447916,2830.1648361888747,1344.4422635427675
1,47.4,2466.9302787067168,3601.631019413288,317.00630908548175
1,23.6,3111.438574036132,1153.317389099809,332.8798582071315
0,68.6,971.3495766200756,3833.3945792208765,349.07019351414124
0,164.7,3241.4900894496036,3113.695071775655,403.71400768365714
0,78.6,892.8527314176733,5882.321055501816,484.69062297510976
0,108.3,894.9469258006309,4856.548568685379,1782.4948807780627
0,178.6,322.6716597409819,7152.255378550181,763.0812538648817
0,122.0,1917.5257495011638,5595.2405667674375,402.9739445671395
1,170.8,3200.1964002229615,3235.962916969229,154.434452114805
1,111.7,1002.2474744293447,357.3471701301131,85.61541917201598
0,58.1,3208.100060783641,5078.070598170136,268.9553866350328
0,132.5,387.50483867946735,8613.326477035454,530.3630831798156
1,74.7,2520.021031658268,5659.994522965548,0.0
1,82.4,3031.120254955253,975.1604996101923,420.7433897282285
1,89.5,441.0181402164768,2656.1056078401703,865.5033217729439
1,94.1,2370.2320561497772,6996.12607090524,663.9013480932239
0,60.6,2285.756986208289,3408.511992057531,831.1058897637532
0,176.5,891.7090332614109,3078.2828005236947,1599.7540435954522
0,110.1,231.76712450216058,8268.594197322784,2534.0333462683557
1,2.9,375.71265616159377,1061.9472679940375,45.254833995939045
0,120.0,903.5159102085586,6240.116825829466,699.7199439775887
0,58.6,2633.7617583980523,2392.188328706584,121.41251994749142
1,66.7,1371.9916180501978,6421.442205610823,32.55764119219941
0,126.4,2321.5867418642792,5052.694825536171,510.5604763394832
1,74.5,1750.5227790577305,2005.9636088423938,655.2022588483651
0,183.1,430.24876525098824,4066.9214401067547,2080.349249525185
0,81.5,647.0023183884274,7238.19210853097,1925.7299914577848
0,87.4,1649.2986388159059,3228.4364636771156,769.2470344434224
1,62.2,400.8615721168593,1630.4701775868211,603.0132668523969
0,117.8,653.0926427391446,6292.606773031348,2051.017552338351
0,70.9,2099.1191009563986,6329.817453923928,275.6555822035897
0,51.2,1051.506538258322,1663.269671460404,278.08631753468205
0,197.3,2080.718385558219,5714.267232112968,120.20399327809372
1,44.2,1167.1011095873398,735.8328614570023,180.7097119692243
1,29.8,983.2014035791447,1827.0197043272412,246.1747346906258
1,3.4,719.7735755082983,1924.7197198553351,417.137866897744
1,60.1,1002.5018703224448,2308.3944636911606,566.4079801697712
1,5.2,2573.528317310692,4122.363642377999,203.42074623793906
0,23.0,1540.4220200970901,6258.222910699171,831.2352254326088
1,100.1,1715.1052445841333,1152.536767309399,297.40544715926103
1,117.7,3732.7526036425184,3969.936271528801,54.037024344425184
1,49.2,247.63077353188558,5067.768345139702,5.385164807134504
0,89.0,3268.825171219776,5068.213195989292,688.0995567503295
1,11.9,2480.0114919088583,2320.539807889535,443.09931166726045
1,166.2,2266.0178728333103,4684.910458055735,602.3039099989306
0,90.3,920.0347819512043,1743.936925464909,939.1831557262939
0,131.1,2376.015151466842,2168.9870907868494,609.3094451918499
0,94.0,2067.6759900912907,7518.074886565044,375.50632484686594
0,189.0,1126.9574082457598,10220.486534407253,902.4422419191159
1,19.3,2043.9853228435863,3039.135567887685,473.15959252666534
0,80.2,462.3126647627123,1572.1100470386925,639.5701681598352
1,59.8,1172.2751383527675,4245.704299642169,80.52949770115296
0,96.1,1889.002117521312,5633.2890037703555,1018.0279956857768
1,58.0,1373.4955405824949,8144.78508003741,155.6181223379848
0,81.6,643.2728814430156,2749.150050470145,204.79257799051214
1,82.2,107.29864864013899,13710.625842754225,55.362442142665635
0,89.8,2963.006074917836,7509.219000668445,50.635955604688654
1,38.6,3658.0817377417907,5199.040007539854,1346.0237739356612
0,84.7,2537.1243564319034,7477.255445683262,163.02760502442524
0,93.3,919.4617990977113,3506.652107067366,182.18671740826773
0,55.3,2063.698863691115,4367.400141960889,620.7648508090645
1,2.9,6281.936803247864,11998.893323969507,707.6362059702711
0,179.9,4377.956144138495,1623.6169498992058,649.647596778438
0,230.9,365.5844635648512,2201.283489239857,964.8678666014326
0,96.0,4802.553591580213,5920.501499028608,454.5283269500373
0,126.2,623.7772038155931,3112.4556221735916,544.4933424753694
1,19.5,1376.8151655178701,1378.438609441857,217.18655575334307
0,39.0,2018.8318404463507,7787.883024288436,658.5931976569451
1,8.0,461.6600480873345,234.2007685726074,190.2761151589973
0,158.3,3342.9335919219216,7223.823433611871,1451.4079371424148
0,164.8,1163.2080639335338,6935.276274237386,822.1636090219513
0,111.3,2067.357008356322,1129.9738935037394,422.9952718411874
1,9.6,2253.628629566105,5274.278908059376,755.3151660068795
1,92.1,1711.7476449523745,2293.177707897929,497.41029341982863
1,56.6,457.08861285313156,1925.2449194842718,26.627053911388696
0,80.2,2736.2912856638636,1118.5213453484023,547.3618547176995
0,131.2,1694.2246014032496,3701.4214837005525,2316.507068843089
1,37.5,2419.2182621665206,3541.8009543168855,596.2717501274062
1,110.2,373.05361544957583,1577.5439772000018,109.01834707974616
1,50.9,2762.2861908209293,1996.8046975105,34.23448553724738
1,58.3,1807.5646599776176,6926.248335137861,85.0
0,83.0,1409.4537949148953,3971.982502479083,668.1616570860677
0,176.1,963.4988323812333,9369.809229648168,451.4864339047188
1,86.5,356.0631966379002,5162.9667827713165,282.60396317107796
0,66.9,1791.3464209917634,3161.4332192852025,701.1547618036976
1,85.6,2702.979837142704,6947.3512938385375,57.07889277132134
0,53.2,4957.764112984804,11564.43115764887,333.1561195595843
0,79.0,734.006130764587,2660.391136656413,216.60332407421637
1,106.0,2808.7356586193723,193.13207915827965,38.8329756778952
1,108.8,3171.1084812727554,2226.415280220651,26.40075756488817
0,129.8,1955.8775524045466,2734.895244794579,182.20043907740728
1,73.3,557.6782226338051,5833.030944543326,926.3892270530783
0,186.1,953.6881041514569,8029.809773587417,1776.2460415156454
0,27.9,1101.9255873242985,3853.5918310064962,450.7515945617941
0,37.3,361.96408661633825,6113.497934897828,392.63469026564627
0,27.3,763.3871887843023,5626.942775610927,683.9678355010562
1,162.6,1081.9450078446687,7760.891508067872,440.44749970910266
1,33.6,937.3307847286356,4334.05952889436,390.0794790808663
1,95.7,1378.022496187925,1104.00090579673,348.1278500780999
0,180.2,1100.4335509243617,8798.928627963747,706.1345480855614
0,80.2,2229.014356167317,3265.3799166406347,1622.65215003093
0,130.8,135.36986370680884,7623.5543547613015,1106.5193174996991
0,143.5,1031.4261970688935,2870.2905776245025,1169.4075423050767
1,89.7,1724.115135366545,2766.464350032366,747.7733613869914
0,96.4,1986.8779529704384,4131.177677127916,319.2146613174276
0,45.5,3089.650465667597,857.878779315586,578.9550932498996
0,223.5,1888.3148572205855,7414.475706346336,161.5239920259526
1,24.1,695.0582709384876,1681.5290660586274,112.11155159036913
1,65.5,2206.5686030576976,7792.771329892851,16.492422502470642
1,5.8,3585.784433007651,3824.104862578954,208.35546549106888
0,93.6,1639.9371939193281,5276.959920257117,445.92039648349794
0,86.5,1204.545557461402,6302.192158289051,836.409588658571
0,56.2,1388.8574440884852,9025.429020273774,505.53140357449604
0,144.5,284.48725806264156,1507.111475638083,740.5572226371166
0,201.3,346.1444785057245,3261.876300536242,552.2771043597588
1,101.8,1511.527042430932,10174.173823952488,30.870698080866262
0,222.0,2738.6290365801647,3965.895863484063,709.0592358893579
1,118.2,1669.9820358315235,2921.1033874205823,40.8166632639171
1,112.3,1045.0191385807248,6234.908339342287,0.0
1,27.7,1824.5372015938726,1490.4207459640381,0.0
1,69.0,1946.9527472437537,3848.3762809787713,785.245184639804
1,50.4,94.92101980067429,3951.002404453837,138.19551367537227
0,91.1,1625.2630556313031,1043.8472110419225,451.6325940407756
1,49.2,186.07794065928394,1471.0244729439412,602.7354311802153
0,178.0,1204.8145085447802,9568.749395819706,442.18774293279546
1,179.3,790.6781899104085,3031.813483709049,464.3027029858861
1,71.7,2052.014863493927,2416.6987813958112,435.4595273960601
0,131.5,1366.1661685168463,7323.27167323458,1766.7272002207924
1,102.2,3271.1290099902817,2074.601889520011,424.4997055358225
0,163.3,2477.475529647064,7900.887102091764,1708.1410948747764
1,49.4,3317.822177272314,1601.087442958691,549.3723691632116
1,5.4,794.808152952648,381.9031290785662,148.1924424523734
1,8.0,2247.0231418478984,754.6721142323996,99.08077512817509
0,54.4,2785.7099633666103,4983.614150393267,456.27732794869394
1,17.5,521.4441484953111,6645.434598278731,1055.9379716631086
0,126.7,346.88326566728466,2680.9345385518086,798.4140529825361
0,92.3,1160.6571414504801,3102.3760249202546,184.43969204051496
1,131.0,763.9921465564944,5819.492159974098,630.3752850485178
0,80.4,2123.2185473944974,114.58621208504974,353.5477336937687
1,102.0,1056.5855384208132,3663.8919198033122,31.78049716414141
0,121.2,2174.8094169374936,7003.391821110682,894.2315136473328
1,83.1,1088.03308773217,9584.03761470081,561.426753904728
1,8.9,612.765860667841,198.01262586006985,118.22436297142819
1,150.9,494.68373735145167,4424.343567129478,192.50974001333023
0,130.8,1901.0318250886805,2851.4299921267575,442.1425109622462
0,113.0,1221.3312409006821,7683.586272047708,368.4901626909462
0,86.9,1966.3982302677146,2212.38559026224,195.65530915362353
0,97.0,1612.2782018001733,2062.997091612104,719.1244676688452
0,94.2,1828.429380643398,3554.860616114224,450.111097397076
0,156.4,2128.720977488595,3532.9801867545198,1743.2888458313498
1,146.5,3280.4818243666587,2064.541111239977,307.46707140765494
0,66.3,2002.7453657417361,2918.982870795922,312.54119728445403
0,100.4,205.52858681944952,2922.0309717728865,1103.5456492596943
0,88.6,1396.4444135016618,4357.636974324502,1332.7512896260878
1,44.3,484.264390596707,638.658750820812,20.396078054371138
0,59.4,2687.773241923507,3806.9967165733146,197.9747458642137
1,49.3,297.4306641891518,4958.5395027165005,139.71757226634023
0,103.2,52.55473337388365,3830.6187489751574,884.8830431192588
0,135.4,378.8456149937597,2939.038278076691,124.01612798341996
1,85.8,1129.7521852158552,1324.4927330868977,451.6159873166582
1,50.6,485.90636958163043,941.0828868914789,297.0605998782067
0,108.4,2513.4597669348123,395.9797974644666,281.5759222660915
0,99.4,3327.738120706015,5108.043852591714,31.016124838541646
0,155.4,898.2527483954614,6196.526849776414,786.8195472914994
0,62.7,2479.960080323875,4463.001008290274,346.0057802985378
0,125.1,1406.380105092503,2855.6304032559956,1115.7463869535943
1,53.4,596.088080739751,1328.5951226765812,14.866068747318506
0,220.0,2930.339570766501,5332.878866053494,1157.9244362219843
1,111.1,1657.3195226026876,4439.816775498737,795.6381086901255
1,77.6,595.3427584173675,8776.47246905042,221.65288177689007
1,17.8,3810.591817552754,1138.7747801914127,29.017236257093817
1,4.2,457.1389285545479,2216.659197982405,16.1245154965971
1,35.2,419.00477324250136,982.496819333274,29.614185789921695
1,24.5,194.48650338776724,410.6446152088202,331.8870289722092
0,166.1,1332.89834571133,8644.009775561339,1023.6415388210855
1,69.9,191.4001044931794,8368.7677109596,126.66885963013956
0,264.7,126.17844506887855,7199.604711371312,699.2631836440412
1,31.0,1546.3728528398317,8379.611983857008,1881.2894514135776
1,111.7,1341.4387798181474,2715.4907475445393,371.24789561693143
1,33.4,1792.565201045697,2776.886926037861,44.40720662234904
1,14.3,277.5211703636319,910.8375266753121,115.00434774390054
0,61.9,998.0125249715055,6346.532360273601,853.8161394586074
1,33.1,368.5457909134223,1650.3323907625397,243.50770008359078
1,78.2,2099.1467314125516,3389.9688789131974,617.4406854103478
0,147.3,1012.0498999555308,3956.9637349867135,419.5390327490399
0,67.1,538.606535422659,3613.9784172017407,539.8379386445529
0,181.6,477.58664135421543,1907.893340834335,478.25725295075245
0,45.4,1796.3064883254194,6047.540078412048,951.262319236918
1,44.7,257.1089263327899,983.1363079451394,181.1767093199344
0,169.9,1613.9157350989549,3912.739832904815,187.0106948813356
1,23.8,681.135082050543,239.42639787625757,383.0939832469312
1,52.7,71.449282711585,906.5787334809922,48.05205510693585
0,15.0,1760.0568172647154,3315.966525765904,264.41255643406953
1,96.1,1823.5185768179056,2391.4188257183223,457.7521163249822
1,98.3,3856.1448364914927,3148.6381182981318,972.0545252196504
1,105.4,927.6987657639736,8867.5056244696,29.732137494637012
1,61.8,1887.2885312002509,3419.646326741992,18.24828759089466
1,47.0,371.10241174101793,3758.313052421259,28.231188426986208
0,172.8,1097.6907579095307,4404.036784587522,1048.6338731893034
1,6.8,4575.069070516859,12549.658361883801,660.7692486791436
1,22.6,1039.139066727837,9431.984944856516,410.5423242492788
0,176.1,567.6486589431883,7329.890381172149,625.5885229126251
1,99.1,1563.4503509865608,6349.920708166363,525.3808142671371
1,158.1,738.2391211524895,8521.115948043425,601.0823570859487
1,161.4,5960.747771882317,4700.168188480067,148.67750334196495
0,87.7,768.0755171205498,4667.800552722877,388.171353914737
1,14.5,3935.6503909773287,1149.9052134850072,42.7551166528639
1,57.3,1490.1879076143384,640.2811882290467,72.00694410957877
1,17.8,3810.591817552754,1138.7747801914127,29.017236257093817
0,75.9,3616.41327837403,2357.453286917898,226.15260334561705
0,98.7,417.5416146924759,1882.0382567843833,363.4969050762331
0,104.0,766.874174816182,6354.017705357768,1083.5543364317268
0,110.6,1528.709913619978,3380.121299598581,514.7358545895166
0,90.9,423.72278673680034,1047.8100972981697,259.67864756271354
0,79.4,991.4055678681657,4701.620252636319,359.01253460011674
0,67.7,458.19319069580246,5143.510474374481,1793.3613690497518
1,20.9,1083.9861622733013,1195.4216829219722,94.51454914456292
1,89.5,441.0181402164768,2656.1056078401703,865.5033217729439
0,98.9,2093.670699990808,3097.5193300446085,705.5643131564974
0,103.2,1210.4763525158185,8961.647727957175,1345.786015680056
0,175.0,549.9618168564068,6721.893334470579,607.1194281193775
0,182.8,1023.7431318450932,3873.508616228961,376.03324321128844
0,27.1,1846.0002708558848,4406.411805539741,539.9629616927442
0,110.8,3240.713038823401,2154.084724424738,55.08175741568164
0,161.8,2338.826415106517,8443.270989373726,425.26462349929835
1,165.3,1220.493342874102,5218.665729858543,641.368848635479
1,4.6,324.7845439672276,2233.5554615903316,63.41135544995076
0,140.2,1686.5734493344783,7041.240799745454,1612.093359579401
0,56.4,532.6631205555722,8834.171042038975,506.6142516747826
0,79.4,1134.4822607692022,2740.8190381708896,283.6987839240768
1,176.0,462.5537806569091,10525.445596268122,675.7336753485059
0,68.2,2183.6897673433377,2459.42777897624,400.2561679724624
1,66.3,2770.028880715867,2664.5982811673507,356.9481755101152
0,182.1,124.03628501370073,10112.818993732657,1989.987437146275
1,63.7,683.2898360139715,4638.916360530765,48.54894437575342
0,81.7,2286.8006034632754,2873.0,493.0496932358847
0,206.5,1881.1916436131646,5559.9541365014875,579.6688709944669
1,78.1,1257.3344821486444,7119.682928333255,550.3635162326806
1,132.5,703.4095535319377,3427.2620267496327,964.6854409599017
1,8.3,2273.7783533141483,706.0771912475293,60.21627686929839
0,129.3,743.3612849752132,2643.9546138313344,2003.0359457583381
1,6.8,4566.1293236175425,12563.154261569824,637.54686102278
1,60.6,2389.7709095225005,1557.5766433790666,13.038404810405298
0,88.6,2593.515953295834,3924.0062436239828,1103.5660378971436
0,108.9,1114.8834019752917,2828.9922233898064,2559.5675415976034
1,160.0,298.28342226815084,7815.377470090616,735.2849787667363
0,99.8,1537.4878861311395,1569.3925576477034,658.4299507160955
0,33.5,2810.9651367457404,2444.502607893884,536.5370443874309
1,7.3,1300.1476839190232,1301.6501065954706,28.284271247461902
0,75.0,671.6263842345683,4464.586095037254,271.3613826615718
1,57.3,1490.1879076143384,640.2811882290467,72.00694410957877
1,90.0,1270.6486532476238,5426.126150394957,491.4234426642669
0,129.6,1130.6904969972995,2581.4044626908044,328.3062594590606
0,103.4,2887.1101468423403,2635.0189752637457,953.7840426427776
0,23.9,2468.867351641234,1514.733309860188,493.405512737748
1,80.2,964.6268708676946,2114.566858720717,21.37755832643195
0,70.6,1559.964102151072,4668.951916651102,539.853683881105
1,108.0,316.98738145232215,5654.538089004264,535.2121074863684
0,253.7,227.6071176391459,7429.365854499292,1621.7931434063964
0,126.4,300.72745135753735,3366.570064620667,1350.7701506918193
0,80.3,1526.106811465043,6029.8627679243245,369.3846233940985
0,41.7,441.78048847815813,682.3562119597066,4.47213595499958
0,228.0,1184.6691521264493,6180.0198219746835,1219.167338801364
0,61.5,1051.362924969299,2797.3319431200866,390.7902250568711
1,51.1,2592.3126740422344,4767.30584292638,163.1502375113196
1,18.7,143.58621103713267,2087.112838348708,18.788294228055936
0,90.3,1640.7931009118731,3967.655731033125,914.1608173620219
1,71.6,214.59030733003763,812.5072307370563,0.0
0,72.5,977.0368467974993,7944.741783091506,313.93311389530095
1,60.0,681.916417165623,6158.742241724361,0.0
0,125.8,1858.3417339122532,4859.773348624399,247.54191564258366
1,45.9,1128.0726926931616,555.0441423886932,137.41906709041507
1,110.3,1090.2412577040002,2527.468496341745,172.9855485293497
0,78.6,1285.955675752473,6384.391122103971,400.4509957535379
0,103.1,1758.7569473921062,985.0857830666322,705.6344662783982
0,134.8,1941.6809727656087,3026.2394155122624,645.6167593859378
1,45.6,746.6860116541625,1051.7837230153355,154.5477272560163
0,63.1,1380.296344992625,1653.5658438659163,1423.8683225635718
0,33.9,1009.4612424456919,1086.698210176128,176.1817243643619
0,131.2,2090.728341989939,6524.983524883415,595.4838368923207
1,42.1,2293.042738371878,2477.0373432792653,53.71219600798314
0,251.4,618.8667061653907,6987.223554459954,773.3104163271047
0,79.2,704.4238780734225,6699.588718719979,2627.8907892071925
0,44.7,1366.3765952328076,6096.615454496044,986.9305953307963
1,86.2,247.95160818191923,2421.1885511046016,1069.3858050301585
1,70.6,65.49045732013177,357.6940033045005,57.8013840664737
1,11.6,1019.2197996506936,720.8612904019747,2.23606797749979
0,87.6,1894.3732472773152,942.419227308102,338.18633916821653
0,84.7,366.0054644400818,3299.465562784373,902.0598649757121
0,131.1,1698.980870992961,1928.0093360769806,54.70831746635972
1,77.2,1306.2289232749365,2341.896880735785,415.8521371833984
1,51.5,2652.139136621606,3111.868409814271,252.03174403237384
1,3.0,659.4133756605185,1081.3482325319628,184.78365728602733
1,38.2,4039.3579935430334,3905.7707305985077,231.71750041807374
1,50.2,580.6375805956759,7027.598807558667,536.4820593458834
1,83.4,33.13608305156178,10411.006915759877,314.00636936215164
1,2.8,377.0013262576141,633.1903347335617,281.1689883326396
0,48.9,3564.631818294843,11540.561684770806,371.2640569729313
0,70.8,2197.615298454213,3919.028068284278,389.5086648586909
0,187.7,1315.6766320034722,1778.034026671031,946.3297522534098
1,124.7,540.8289933056474,4018.2926722676634,1858.3511508861827
1,35.9,66.91038783328041,1881.9205615540736,581.8255752371152
1,24.9,733.665455095168,724.9448254867401,57.28001396647874
1,62.9,475.60172413480586,1316.3316451411476,402.1256022687439
0,58.2,1280.525673307646,150.6154042586614,215.6965461012299
0,79.1,3438.1193987411198,2285.0954028223855,445.5333881989093
1,52.6,921.7423718154656,3763.797151813578,245.93495074917675
1,43.5,2658.108349936097,3807.3146704731407,390.3857067055606
0,141.2,547.5764786767232,7098.586408574597,247.72969139770066
1,26.7,3954.3173873628302,11582.516522759637,215.58524995926786
